product_id,product_name,category_id,description,price
1,Eco Essentials 1,1331,Quality product in category 1331. Durable design for everyday use. Popular choice among customers.,121.24
2,Pro Device 2,1283,Quality product in category 1283. Durable design for everyday use. Popular choice among customers.,117.82
3,Smart Item 3,913,Quality product in category 913. Durable design for everyday use. Popular choice among customers.,208.15
4,Prime Gadget 4,1600,Quality product in category 1600. Durable design for everyday use. Popular choice among customers.,89.34
5,Eco Widget 5,79,Quality product in category 79. Durable design for everyday use. Popular choice among customers.,39.63
6,Basic Tool 6,834,Quality product in category 834. Durable design for everyday use. Popular choice among customers.,162.83
7,Eco Gadget 7,981,Quality product in category 981. Durable design for everyday use. Popular choice among customers.,234.11
8,Eco Device 8,1454,Quality product in category 1454. Durable design for everyday use. Popular choice among customers.,48.08
9,Smart Widget 9,86,Quality product in category 86. Durable design for everyday use. Popular choice among customers.,289.33
10,Elite Gear 10,866,Quality product in category 866. Durable design for everyday use. Popular choice among customers.,222.06
11,Classic Item 11,496,Quality product in category 496. Durable design for everyday use. Popular choice among customers.,289.7
12,Smart Pack 12,74,Quality product in category 74. Durable design for everyday use. Popular choice among customers.,138.26
13,Pro Unit 13,1048,Quality product in category 1048. Durable design for everyday use. Popular choice among customers.,269.28
14,Ultra Essentials 14,263,Quality product in category 263. Durable design for everyday use. Popular choice among customers.,68.09
15,Pro Pack 15,1440,Quality product in category 1440. Durable design for everyday use. Popular choice among customers.,217.32
16,Ultra Edition 16,1404,Quality product in category 1404. Durable design for everyday use. Popular choice among customers.,146.73
17,Elite Gear 17,94,Quality product in category 94. Durable design for everyday use. Popular choice among customers.,63.79
18,Pro Essentials 18,632,Quality product in category 632. Durable design for everyday use. Popular choice among customers.,235.2
19,Ultra Bundle 19,716,Quality product in category 716. Durable design for everyday use. Popular choice among customers.,15.17
20,Classic Accessory 20,793,Quality product in category 793. Durable design for everyday use. Popular choice among customers.,277.04
21,Smart Bundle 21,1027,Quality product in category 1027. Durable design for everyday use. Popular choice among customers.,240.99
22,Basic Collection 22,321,Quality product in category 321. Durable design for everyday use. Popular choice among customers.,44.01
23,Pro Collection 23,880,Quality product in category 880. Durable design for everyday use. Popular choice among customers.,208.8
24,Eco Pack 24,498,Quality product in category 498. Durable design for everyday use. Popular choice among customers.,68.14
25,Basic Gear 25,1519,Quality product in category 1519. Durable design for everyday use. Popular choice among customers.,28.61
26,Mini Set 26,428,Quality product in category 428. Durable design for everyday use. Popular choice among customers.,88.0
27,Elite Accessory 27,802,Quality product in category 802. Durable design for everyday use. Popular choice among customers.,99.99
28,Pro Accessory 28,970,Quality product in category 970. Durable design for everyday use. Popular choice among customers.,144.72
29,Ultra Collection 29,288,Quality product in category 288. Durable design for everyday use. Popular choice among customers.,292.65
30,Mini Item 30,1173,Quality product in category 1173. Durable design for everyday use. Popular choice among customers.,211.53
31,Pro Gear 31,1286,Quality product in category 1286. Durable design for everyday use. Popular choice among customers.,236.15
32,Elite Item 32,618,Quality product in category 618. Durable design for everyday use. Popular choice among customers.,149.34
33,Elite Pack 33,1522,Quality product in category 1522. Durable design for everyday use. Popular choice among customers.,80.18
34,Basic Collection 34,194,Quality product in category 194. Durable design for everyday use. Popular choice among customers.,51.31
35,Mini Device 35,849,Quality product in category 849. Durable design for everyday use. Popular choice among customers.,70.99
36,Pro Unit 36,330,Quality product in category 330. Durable design for everyday use. Popular choice among customers.,234.97
37,Ultra Gear 37,947,Quality product in category 947. Durable design for everyday use. Popular choice among customers.,30.99
38,Pro Widget 38,28,Quality product in category 28. Durable design for everyday use. Popular choice among customers.,265.92
39,Pro Essentials 39,472,Quality product in category 472. Durable design for everyday use. Popular choice among customers.,32.78
40,Mini Tool 40,433,Quality product in category 433. Durable design for everyday use. Popular choice among customers.,48.48
41,Max Unit 41,193,Quality product in category 193. Durable design for everyday use. Popular choice among customers.,209.93
42,Ultra Edition 42,574,Quality product in category 574. Durable design for everyday use. Popular choice among customers.,68.03
43,Max Gear 43,421,Quality product in category 421. Durable design for everyday use. Popular choice among customers.,40.31
44,Smart Item 44,1109,Quality product in category 1109. Durable design for everyday use. Popular choice among customers.,19.15
45,Mini Pack 45,1693,Quality product in category 1693. Durable design for everyday use. Popular choice among customers.,25.06
46,Basic Gadget 46,615,Quality product in category 615. Durable design for everyday use. Popular choice among customers.,281.2
47,Elite Gadget 47,1514,Quality product in category 1514. Durable design for everyday use. Popular choice among customers.,191.33
48,Eco Collection 48,654,Quality product in category 654. Durable design for everyday use. Popular choice among customers.,187.54
49,Max Item 49,486,Quality product in category 486. Durable design for everyday use. Popular choice among customers.,269.49
50,Eco Device 50,1504,Quality product in category 1504. Durable design for everyday use. Popular choice among customers.,247.01
51,Prime Edition 51,60,Quality product in category 60. Durable design for everyday use. Popular choice among customers.,196.63
52,Basic Gear 52,1170,Quality product in category 1170. Durable design for everyday use. Popular choice among customers.,222.15
53,Ultra Device 53,818,Quality product in category 818. Durable design for everyday use. Popular choice among customers.,182.04
54,Basic Essentials 54,1356,Quality product in category 1356. Durable design for everyday use. Popular choice among customers.,188.56
55,Smart Tool 55,104,Quality product in category 104. Durable design for everyday use. Popular choice among customers.,146.34
56,Elite Essentials 56,800,Quality product in category 800. Durable design for everyday use. Popular choice among customers.,239.0
57,Max Kit 57,1303,Quality product in category 1303. Durable design for everyday use. Popular choice among customers.,56.88
58,Mini Gadget 58,192,Quality product in category 192. Durable design for everyday use. Popular choice among customers.,199.44
59,Classic Accessory 59,1528,Quality product in category 1528. Durable design for everyday use. Popular choice among customers.,292.68
60,Smart Gear 60,671,Quality product in category 671. Durable design for everyday use. Popular choice among customers.,67.86
61,Smart Essentials 61,152,Quality product in category 152. Durable design for everyday use. Popular choice among customers.,30.93
62,Pro Tool 62,555,Quality product in category 555. Durable design for everyday use. Popular choice among customers.,144.15
63,Classic Edition 63,1316,Quality product in category 1316. Durable design for everyday use. Popular choice among customers.,130.6
64,Elite Bundle 64,859,Quality product in category 859. Durable design for everyday use. Popular choice among customers.,192.33
65,Eco Gear 65,1099,Quality product in category 1099. Durable design for everyday use. Popular choice among customers.,21.62
66,Pro Kit 66,336,Quality product in category 336. Durable design for everyday use. Popular choice among customers.,177.81
67,Eco Unit 67,197,Quality product in category 197. Durable design for everyday use. Popular choice among customers.,220.31
68,Eco Gadget 68,1542,Quality product in category 1542. Durable design for everyday use. Popular choice among customers.,183.33
69,Eco Device 69,432,Quality product in category 432. Durable design for everyday use. Popular choice among customers.,199.94
70,Smart Kit 70,22,Quality product in category 22. Durable design for everyday use. Popular choice among customers.,92.31
71,Smart Essentials 71,383,Quality product in category 383. Durable design for everyday use. Popular choice among customers.,145.08
72,Classic Edition 72,387,Quality product in category 387. Durable design for everyday use. Popular choice among customers.,78.37
73,Prime Accessory 73,1139,Quality product in category 1139. Durable design for everyday use. Popular choice among customers.,127.53
74,Max Unit 74,815,Quality product in category 815. Durable design for everyday use. Popular choice among customers.,78.88
75,Ultra Tool 75,264,Quality product in category 264. Durable design for everyday use. Popular choice among customers.,129.77
76,Mini Essentials 76,841,Quality product in category 841. Durable design for everyday use. Popular choice among customers.,136.77
77,Mini Gear 77,744,Quality product in category 744. Durable design for everyday use. Popular choice among customers.,127.45
78,Elite Tool 78,541,Quality product in category 541. Durable design for everyday use. Popular choice among customers.,114.17
79,Ultra Tool 79,1003,Quality product in category 1003. Durable design for everyday use. Popular choice among customers.,57.41
80,Basic Pack 80,135,Quality product in category 135. Durable design for everyday use. Popular choice among customers.,125.71
81,Smart Set 81,909,Quality product in category 909. Durable design for everyday use. Popular choice among customers.,12.61
82,Pro Accessory 82,1092,Quality product in category 1092. Durable design for everyday use. Popular choice among customers.,183.62
83,Eco Essentials 83,544,Quality product in category 544. Durable design for everyday use. Popular choice among customers.,78.73
84,Prime Kit 84,1160,Quality product in category 1160. Durable design for everyday use. Popular choice among customers.,138.18
85,Prime Essentials 85,825,Quality product in category 825. Durable design for everyday use. Popular choice among customers.,107.72
86,Basic Widget 86,527,Quality product in category 527. Durable design for everyday use. Popular choice among customers.,140.33
87,Elite Item 87,766,Quality product in category 766. Durable design for everyday use. Popular choice among customers.,285.08
88,Basic Device 88,407,Quality product in category 407. Durable design for everyday use. Popular choice among customers.,58.6
89,Basic Item 89,1061,Quality product in category 1061. Durable design for everyday use. Popular choice among customers.,223.55
90,Classic Gear 90,758,Quality product in category 758. Durable design for everyday use. Popular choice among customers.,147.63
91,Pro Accessory 91,1331,Quality product in category 1331. Durable design for everyday use. Popular choice among customers.,243.63
92,Mini Gear 92,1283,Quality product in category 1283. Durable design for everyday use. Popular choice among customers.,166.56
93,Eco Gadget 93,913,Quality product in category 913. Durable design for everyday use. Popular choice among customers.,296.13
94,Basic Edition 94,1600,Quality product in category 1600. Durable design for everyday use. Popular choice among customers.,77.02
95,Prime Essentials 95,79,Quality product in category 79. Durable design for everyday use. Popular choice among customers.,195.59
96,Smart Device 96,834,Quality product in category 834. Durable design for everyday use. Popular choice among customers.,62.19
97,Classic Widget 97,981,Quality product in category 981. Durable design for everyday use. Popular choice among customers.,157.09
98,Prime Bundle 98,1454,Quality product in category 1454. Durable design for everyday use. Popular choice among customers.,296.11
99,Elite Item 99,86,Quality product in category 86. Durable design for everyday use. Popular choice among customers.,11.42
100,Ultra Pack 100,866,Quality product in category 866. Durable design for everyday use. Popular choice among customers.,195.33
